INSERT INTO public.diving_pool (diving_pool_id, diving_pool_name, address, description, simple_address, operating_hours,
                                price_info, website_url, recommended_level, depth, contact_number, regular_closure,
                                is_visible, display_order, updated_date, created_date)
VALUES ('DEEPSTATION', '딥스테이션', '경기 용인시 처인구 포곡읍 성산로 523 딥스테이션', '딥스테이션은 예약제로 운영되며, 2레벨 이상 이용 가능. 평일에는 다양한 입장권이 제공됩니다.',
        '경기 용인시 처인구 포곡읍 성산로 523', '08:00 - 23:00 (3시간 간격)', e'평일: 44,000원
휴일: 66,000원', 'https://deepstation.kr/', '2', '36m', null, null, true, 0, '2024-04-23 02:52:36.773593',
        '2024-04-23 02:52:36.773593');
INSERT INTO public.diving_pool (diving_pool_id, diving_pool_name, address, description, simple_address, operating_hours,
                                price_info, website_url, recommended_level, depth, contact_number, regular_closure,
                                is_visible, display_order, updated_date, created_date)
VALUES ('PARADIVE', '파라다이브', '경기 시흥시 거북섬중앙로1 보니타가, 파라다이브(1동 3층)', '파라다이브는 최대 수심 35미터로, 다이빙 연습에 적합한 환경입니다.',
        '경기 시흥시 거북섬중앙로1 보니타가', '08:00 - 23:00 (3시간 또는 6시간 간격)', e'일반 이용: 4.5만원 (평일)
          7.9만원 (휴일)
휴일 이용: 6.7만원', 'https://www.paradive.co.kr/', '2', '35m', null, null, true, 1, '2024-04-23 02:52:36.773593',
        '2024-04-23 02:52:36.773593');
INSERT INTO public.diving_pool (diving_pool_id, diving_pool_name, address, description, simple_address, operating_hours,
                                price_info, website_url, recommended_level, depth, contact_number, regular_closure,
                                is_visible, display_order, updated_date, created_date)
VALUES ('K26', 'K-26', '경기 가평 청평면 고성리 59-1', 'K-26은 실전 다이빙 연습에 최적화된 수영장으로, 예약제로 운영됩니다.', '경기 가평 청평면 고성리 59-1',
        '09:00 - 22:00 (3시간 간격)', e'평일: 33,000원
휴일: 55,000원', 'https://k-26.com/', '2', '26m', null, null, true, 2, '2024-04-23 02:52:36.773593',
        '2024-04-23 02:52:36.773593');
INSERT INTO public.diving_pool (diving_pool_id, diving_pool_name, address, description, simple_address, operating_hours,
                                price_info, website_url, recommended_level, depth, contact_number, regular_closure,
                                is_visible, display_order, updated_date, created_date)
VALUES ('THEME_SCUBA_POOL', '테마 잠수풀(TSN)', '경기 오산시 수청동 607-1',
        '테마 잠수풀은 2레벨 이상 다이버를 위해 평일 종일권을 제공하며, 다이빙의 꿈을 실현할 수 있는 곳입니다.', '경기 오산시 수청동 607-1', '09:00 - 23:00 (4시간 자유 이용)', e'평일: 33,000원
휴일: 50,000원', 'https://www.t-sports.kr/', '2', '11m', null, null, true, 3, '2024-04-23 02:52:36.773593',
        '2024-04-23 02:52:36.773593');
INSERT INTO public.diving_pool (diving_pool_id, diving_pool_name, address, description, simple_address, operating_hours,
                                price_info, website_url, recommended_level, depth, contact_number, regular_closure,
                                is_visible, display_order, updated_date, created_date)
VALUES ('OLYMPIC_DIVING_POOL', '올림픽수영장 다이빙풀', '서울시 송파구 올림픽로 424 올림픽공원 내 올림픽수영장', '올림픽수영장 다이빙풀은 매월 둘째 주 일요일에 휴무입니다.',
        '서울시 송파구 올림픽로 424', e'토요일: 12:00 - 17:00
일요일: 10:00 - 13:00
       14:00 - 17:00', e'평일: 15,000원
휴일: 20,000원', 'https://4240735.modoo.at/?link=345es9an', '2', '5m', null, '매월2째주일요일', true, 4,
        '2024-04-23 02:52:36.773593', '2024-04-23 02:52:36.773593');
INSERT INTO public.diving_pool (diving_pool_id, diving_pool_name, address, description, simple_address, operating_hours,
                                price_info, website_url, recommended_level, depth, contact_number, regular_closure,
                                is_visible, display_order, updated_date, created_date)
VALUES ('SONGDO_SPORTS_PARK_POOL', '송도 스포츠파크 잠수풀', '인천광역시 연수구 인천신항대로 892번길 40',
        '송도 스포츠파크 잠수풀은 송도시에서 운영되며, 예약제로 운영됩니다. 매주 월요일 휴무.', '인천광역시 연수구 인천신항대로 892번길 40', e'화요일 - 토요일: 18:00 - 21:00
일요일: 09:00 - 12:00 / 13:00 - 16:00', '일일 이용료: 5,000원',
        'https://ssp.eco-i.or.kr/reservation/dive/diving.asp?mNo=MC030000000', '2', '5m', null, '매주 월요일', true, 5,
        '2024-04-23 02:52:36.773593', '2024-04-23 02:52:36.773593');
INSERT INTO public.diving_pool (diving_pool_id, diving_pool_name, address, description, simple_address, operating_hours,
                                price_info, website_url, recommended_level, depth, contact_number, regular_closure,
                                is_visible, display_order, updated_date, created_date)
VALUES ('SEONGNAM_AQUALINE_POOL', '성남 아쿠아라인 다목적풀', '경기도 성남시 중원구 제일로 60', '성남 아쿠아라인 다목적풀은 매월 둘째, 넷째 주 일요일에 휴무입니다.',
        '경기도 성남시 중원구 제일로 60', '09:00 - 22:00', e'평일: 15,000원
휴일: 20,000원', 'https://aqualine.modoo.at/', '2', '5m', null, '매월2,4주 일요일', true, 6, '2024-04-23 02:52:36.773593',
        '2024-04-23 02:52:36.773593');
INSERT INTO public.diving_pool (diving_pool_id, diving_pool_name, address, description, simple_address, operating_hours,
                                price_info, website_url, recommended_level, depth, contact_number, regular_closure,
                                is_visible, display_order, updated_date, created_date)
VALUES ('WORLDCUP_SCUBA_POOL', '월드컵 스킨스쿠버 다이빙풀', '경기도 수원시 월드컵로 310 스포츠아일랜드', '월드컵 스킨스쿠버 다이빙풀은 매월 둘째 주 수요일 휴무입니다.',
        '경기도 수원시 월드컵로 310', e'11월 - 2월: 09:00 - 21:00
3월 - 10월: 09:00 - 22:00', '평일/휴일: 15,000원', 'http://m.suwonpool.com/page/page3', '2', '5m', null, '매월2주 수요일', true, 7,
        '2024-04-23 02:52:36.773593', '2024-04-23 02:52:36.773593');
INSERT INTO public.diving_pool (diving_pool_id, diving_pool_name, address, description, simple_address, operating_hours,
                                price_info, website_url, recommended_level, depth, contact_number, regular_closure,
                                is_visible, display_order, updated_date, created_date)
VALUES ('DAEBU_WELFARE_POOL', '대부동 복지체육센터', '경기도 안산시 단원구 영전로 126',
        '대부동 복지체육센터는 안산시에서 운영되며, 예약제로 운영됩니다. 매주 월요일 및 공휴일에 휴무.', '경기도 안산시 단원구 영전로 126', e'1부: 09:00 - 12:00
2부: 14:00 - 17:00
3부: 17:30 - 20:30', '평일/휴일: 7,500원',
        'https://www.ansanuc.net/homenew/10502/20005/bbsDetail.do?currentPageNo=1&searchCondition=&searchKeyword=&searchKey=&searchKey1=&searchKey3=&bbsIdx=11882',
        '2', '5.3m', '032-880-9768', '매주 월요일/공휴일', true, 8, '2024-04-23 02:52:36.773593', '2024-04-23 02:52:36.773593');


INSERT INTO public.buddy_event_concept (concept_id, concept_name, concept_desc, enabled, display_order, created_date,
                                        updated_date)
VALUES ('FUN', '펀다이빙', '가볍게 즐기면서 하고 싶어요', true, 0, '2024-04-23 12:45:03.510781', '2024-04-23 12:45:03.510781');
INSERT INTO public.buddy_event_concept (concept_id, concept_name, concept_desc, enabled, display_order, created_date,
                                        updated_date)
VALUES ('PRACTICE', '연습', '덕다이빙 / DTY / CNF / CYN 등 기술을 연습하고 싶어요', true, 1, '2024-04-23 12:45:03.510781',
        '2024-04-23 12:45:03.510781');
INSERT INTO public.buddy_event_concept (concept_id, concept_name, concept_desc, enabled, display_order, created_date,
                                        updated_date)
VALUES ('PHOTO', '사진촬영', '멋있는 사진을 남기고 싶어요', true, 2, '2024-04-23 12:45:03.510781', '2024-04-23 12:45:03.510781');
INSERT INTO public.buddy_event_concept (concept_id, concept_name, concept_desc, enabled, display_order, created_date,
                                        updated_date)
VALUES ('TRAINING', '강습', '전문적으로 배우고 싶어요', true, 3, '2024-04-23 12:45:03.510781', '2024-04-23 12:45:03.510781');
INSERT INTO public.buddy_event_concept (concept_id, concept_name, concept_desc, enabled, display_order, created_date,
                                        updated_date)
VALUES ('MERMAID', '머메이드', '인어가 되어 보실래요?', true, 4, '2024-04-23 12:45:03.510781', '2024-04-23 12:45:03.510781');


-- 버디 이벤트 테스트 데이터

-- H2 데이터베이스용 SQL 쿼리 수정
INSERT INTO public.buddy_event (user_id, event_start_date, event_end_date, participant_count,
                                car_share_yn, status, kakao_room_code, freediving_level, comment,
                                updated_date, created_date, gender_type)
VALUES (1,
        DATEADD('HOUR', 34, CAST(CURRENT_DATE AS TIMESTAMP)),
        DATEADD('HOUR', 37, CAST(CURRENT_DATE AS TIMESTAMP)),
        3, true, 'RECRUITING', 'gQWkq2Uf', null,
        '이번 모임은 캐주얼하게 진행합니다.이번 모임은 캐주얼하게 진행합니다.이번 모임은 캐주얼하게 진행합니다.이번 모임은 캐주얼하게 진행합니다.이번 모임은 캐주얼하게 진행합니다.이번 모임은 캐주얼하게 진행합니다.이번 모임은 캐주얼하게 진행합니다.이번 모임은 캐주얼하게 진행합니다.이번 모임은 캐주얼하게 진행합니다.이번 모임은 캐주얼하게 진행합니다.',
        NOW(), NOW(), 'ALL');

INSERT INTO public.buddy_event (user_id, event_start_date, event_end_date, participant_count,
                                car_share_yn, status, kakao_room_code, freediving_level, comment,
                                updated_date, created_date, gender_type)
VALUES (2,
        DATEADD('HOUR', 39, CAST(CURRENT_DATE AS TIMESTAMP)),
        DATEADD('HOUR', 42, CAST(CURRENT_DATE AS TIMESTAMP)),
        2, false, 'RECRUITING', 'gQWkq2Uf', 2,
        '테스트!!이번 모임은 캐주얼하게 진행합니다.테스트!!이번 모임은 캐주얼하게 진행합니다.테스트!!이번 모임은 캐주얼하게 진행합니다.테스트!!이번 모임은 캐주얼하게 진행합니다.테스트!!이번 모임은 캐주얼하게 진행합니다.',
        NOW(), NOW(), 'ALL');

INSERT INTO public.buddy_event (user_id, event_start_date, event_end_date, participant_count,
                                car_share_yn, status, kakao_room_code, freediving_level, comment,
                                updated_date, created_date, gender_type)
VALUES (3,
        DATEADD('HOUR', 43, CAST(CURRENT_DATE AS TIMESTAMP)),
        DATEADD('HOUR', 46, CAST(CURRENT_DATE AS TIMESTAMP)),
        5, true, 'RECRUITING', 'gQWkq2Uf', null,
        '테테스트!!이번 모임은 캐주얼하게 진행합니다.테스트!!이번 모임은 캐주얼하게 진행합니다.테스트!!이번 모임은 캐주얼하게 진행합니다.트 2!!',
        NOW(), NOW(), 'ALL');

INSERT INTO public.buddy_event_concept_mapping (event_id, concept_id, created_date, updated_date)
VALUES (1, 'FUN', now(), now());
INSERT INTO public.buddy_event_concept_mapping (event_id, concept_id, created_date, updated_date)
VALUES (3, 'PHOTO', now(), now());
INSERT INTO public.buddy_event_concept_mapping (event_id, concept_id, created_date, updated_date)
VALUES (3, 'PRACTICE', now(), now());

INSERT INTO public.buddy_event_diving_pool_mapping (diving_pool_id, event_id, updated_date, created_date)
VALUES ('DEEPSTATION', 1, now(), now());
INSERT INTO public.buddy_event_diving_pool_mapping (diving_pool_id, event_id, updated_date, created_date)
VALUES ('THEME_SCUBA_POOL', 2, now(), now());
INSERT INTO public.buddy_event_diving_pool_mapping (diving_pool_id, event_id, updated_date, created_date)
VALUES ('SONGDO_SPORTS_PARK_POOL', 2, now(), now());
INSERT INTO public.buddy_event_diving_pool_mapping (diving_pool_id, event_id, updated_date, created_date)
VALUES ('PARADIVE', 3, now(), now());
INSERT INTO public.buddy_event_diving_pool_mapping (diving_pool_id, event_id, updated_date, created_date)
VALUES ('THEME_SCUBA_POOL', 3, now(), now());

INSERT INTO public.buddy_event_join_requests (user_id, event_id, status, created_date, updated_date)
VALUES (1, 1, 'OWNER', now(), now());
INSERT INTO public.buddy_event_join_requests (user_id, event_id, status, created_date, updated_date)
VALUES (2, 2, 'OWNER', now(), now());
INSERT INTO public.buddy_event_join_requests (user_id, event_id, status, created_date, updated_date)
VALUES (3, 3, 'OWNER', now(), now());
INSERT INTO public.buddy_event_join_requests (user_id, event_id, status, created_date, updated_date)
VALUES (1, 2, 'PARTICIPATING', now(), now());
INSERT INTO public.buddy_event_join_requests (user_id, event_id, status, created_date, updated_date)
VALUES (1, 3, 'REJECTED', now(), now());
INSERT INTO public.buddy_event_join_requests (user_id, event_id, status, created_date, updated_date)
VALUES (2, 1, 'PARTICIPATING', now(), now());
INSERT INTO public.buddy_event_join_requests (user_id, event_id, status, created_date, updated_date)
VALUES (2, 3, 'APPLIED', now(), now());
INSERT INTO public.buddy_event_join_requests (user_id, event_id, status, created_date, updated_date)
VALUES (3, 1, 'PARTICIPATING', now(), now());
INSERT INTO public.buddy_event_join_requests (user_id, event_id, status, created_date, updated_date)
VALUES (3, 2, 'APPLIED', now(), now());



INSERT INTO public.buddy_event_like_count (event_id, like_count, created_date)
VALUES (1, 1, now());
INSERT INTO public.buddy_event_like_count (event_id, like_count, created_date)
VALUES (2, 1, now());
INSERT INTO public.buddy_event_like_count (event_id, like_count, created_date)
VALUES (3, 1, now());


INSERT INTO public.buddy_event_like_mapping (user_id, event_id, is_deleted, created_date, updated_date)
VALUES (1, 1, false, '2024-04-18 17:39:57.769088', '2024-04-18 17:39:57.769088');
INSERT INTO public.buddy_event_like_mapping (user_id, event_id, is_deleted, created_date, updated_date)
VALUES (1, 2, false, '2024-04-18 17:39:57.769088', '2024-04-18 17:39:57.769088');
INSERT INTO public.buddy_event_like_mapping (user_id, event_id, is_deleted, created_date, updated_date)
VALUES (1, 3, false, '2024-04-18 17:39:57.769088', '2024-04-18 17:39:57.769088');
INSERT INTO public.buddy_event_like_mapping (user_id, event_id, is_deleted, created_date, updated_date)
VALUES (2, 2, false, '2024-04-18 17:39:57.769088', '2024-04-18 17:39:57.769088');
INSERT INTO public.buddy_event_like_mapping (user_id, event_id, is_deleted, created_date, updated_date)
VALUES (2, 3, false, '2024-04-18 17:39:57.769088', '2024-04-18 17:39:57.769088');
INSERT INTO public.buddy_event_like_mapping (user_id, event_id, is_deleted, created_date, updated_date)
VALUES (3, 3, false, '2024-04-18 17:39:57.769088', '2024-04-18 17:39:57.769088');

/*  테스트 사용자
 INSERT INTO public.users (created_date, updated_date, user_id, sex_type, nickname, oauth_type, user_status, email, phone_number, content, oauth_interlock, profile_img_url, provider_id) VALUES ('2024-05-05 13:42:08.431082', '2024-05-05 13:42:08.448992', 1, null, '행복다이버_00004', 'GOOGLE', 'ACTIVE', 'djw9126@gmail.com', null, null, null, 'https://lh3.googleusercontent.com/a/ACg8ocL-oH6fR7L309Vfi8NItCgvYdvCYjRcWVIuloFxviM__sVuEw=s96-c', '106610519602513940118');
 INSERT INTO public.user_license (confirm_tf, license_level, confirm_admin_id, created_date, license_id, updated_date, user_id, license_status, role, dive_type, license_img_url, org_name) VALUES (true, 2, 1, '2024-05-05 14:20:24.258353', 11, '2024-05-06 23:38:58.336691', 1, 'APPROVED', 'WAIT_LICENSE_APPROVAL', 'FREE_DIVE', 'https://d1pjflw6c3jt4r.cloudfront.net/images/license/6-3a6f31c5dd1040dd9fd3a1c85681f35b.png', null);

INSERT INTO public.users (created_date, updated_date, user_id, sex_type, nickname, oauth_type, user_status, email, phone_number, content, oauth_interlock, profile_img_url, provider_id) VALUES ('2024-05-05 13:42:08.431082', '2024-05-05 13:42:08.448992', 2, null, '잠수병다이버_00004', 'GOOGLE', 'ACTIVE', 'redjoon10@gmail.com', null, null, null, 'https://lh3.googleusercontent.com/a/ACg8ocL-oH6fR7L309Vfi8NItCgvYdvCYjRcWVIuloFxviM__sVuEw=s96-c', '106610519602513940118');
INSERT INTO public.user_license (confirm_tf, license_level, confirm_admin_id, created_date, license_id, updated_date, user_id, license_status, role, dive_type, license_img_url, org_name) VALUES (false, 2, 1, '2024-05-05 14:20:24.258353', 12, '2024-05-06 23:38:58.336691', 2, 'APPROVED', 'WAIT_LICENSE_APPROVAL', 'FREE_DIVE', 'https://d1pjflw6c3jt4r.cloudfront.net/images/license/6-3a6f31c5dd1040dd9fd3a1c85681f35b.png', null);

INSERT INTO public.users (created_date, updated_date, user_id, sex_type, nickname, oauth_type, user_status, email, phone_number, content, oauth_interlock, profile_img_url, provider_id) VALUES ('2024-05-05 13:42:08.431082', '2024-05-05 13:42:08.448992', 3, null, '펭귄다이버_00004', 'GOOGLE', 'ACTIVE', 'hmj0977@gmail.com', null, null, null, 'https://lh3.googleusercontent.com/a/ACg8ocL-oH6fR7L309Vfi8NItCgvYdvCYjRcWVIuloFxviM__sVuEw=s96-c', '106610519602513940118');
INSERT INTO public.user_license (confirm_tf, license_level, confirm_admin_id, created_date, license_id, updated_date, user_id, license_status, role, dive_type, license_img_url, org_name) VALUES (true, 2, 1, '2024-05-05 14:20:24.258353', 13, '2024-05-06 23:38:58.336691', 3, 'APPROVED', 'WAIT_LICENSE_APPROVAL', 'FREE_DIVE', 'https://d1pjflw6c3jt4r.cloudfront.net/images/license/6-3a6f31c5dd1040dd9fd3a1c85681f35b.png', null);
*/
